Area Description,Event Type,Country,WKT
Thorthormi GLOF,Glacier Lake Outburst Flood,Bhutan,"POLYGON((28.12470806975615 90.00368096527515,28.00352592912624 90.02977349456815,27.87370993422935 90.17534234222256,27.88949029227836 90.34563042816829,28.01201312502494 90.30992486175553,28.11622976958704 90.23988701995869,28.13924073855701 90.10942437347576,28.14045170532251 90.09294488128458,28.12470806975615 90.00368096527515))"
