Name,Type,Comments,WKT
,Fire,,"POLYGON((-118.47427586575667 34.10945959929799,-118.4632895376352 34.0912649922523,-118.47152928372631 34.084227747714706,-118.47633580228171 34.10263708008885,-118.47427586575667 34.10945959929799))"
,Evacuation,,"POLYGON((-118.47427586575667 34.10945959929799,-118.4632895376352 34.0912649922523,-118.46075753230505 34.07635812226858,-118.4414456273998 34.0865948722794,-118.4477970983512 34.10507475863537,-118.47427586575667 34.10945959929799))"