Name,Organisation,Branch,Country,L1,L2,L3,L4,L5,WKT,Comments
Christchurch wide,New Zealand Red Cross,,NZ,Canterbury,Christchurch,,,,"POLYGON((172.68549625947853 -43.297176663303944,172.31739961728493 -43.34661142900845,172.2607651092132 -43.797960193390494,172.90637650713512 -43.667015593644486,172.68549625947853 -43.297176663303944))",Ready for winter packs
Kaikoura,New Zealand Red Cross,,NZ,Canterbury,Kaikoura,,,,
Sumner A,New Zealand Red Cross,,NZ,Canterbury,Christchurch,,,,"POLYGON((172.75644588470425 -43.566162537725766,172.75103855132718 -43.574371205531065,172.7520685195942 -43.58431960598078,172.76571559906233 -43.578226405773286,172.77060794830143 -43.573065355942,172.75644588470425 -43.566162537725766))",
Woolston A,New Zealand Red Cross,,NZ,Canterbury,Christchurch,,,,"POLYGON((172.6692794561462 -43.555465067728676,172.67045190366718 -43.55552929102477,172.6729094501677 -43.55878361705695,172.6686621185037 -43.55719643987581,172.66868422052718 -43.55719643987581,172.66868422052718 -43.55721261162889,172.6686621185037 -43.55719643987581,172.66864001778276 -43.55719643987581,172.66859581502936 -43.55713237353557,172.66864001778276 -43.557068307127224,172.6692794561462 -43.555465067728676))",
Woolston B,New Zealand Red Cross,,NZ,Canterbury,Christchurch,,,,"POLYGON((172.68197188397826 -43.55128882533574,172.682524848608 -43.55210605709152,172.68139660384043 -43.55249079750486,172.67860946649515 -43.55250681580511,172.67801144127483 -43.55241070879003,172.678366137229 -43.551176231198404,172.67805628838982 -43.550069877173264,172.67973749647558 -43.55003784022301,172.67980465908968 -43.550069877173264,172.68197188397826 -43.55128882533574))",
