Name,Hazard,Description,Country,L1,L2,L3,WKT
Tornado,Tornado,,US,Ohio,,,"LINESTRING(-84.29497528076207 41.0229022418524,-83.65227508544928 41.04465623679688)"
